code,name
000070,特发信息
000525,红太阳
000533,顺钠股份
000700,模塑科技
000821,京山轻机
000822,山东海化
000957,中通客车
002015,协鑫能科
002054,德美化工
002099,海翔药业
002238,天威视讯
002264,新 华 都
002291,遥望科技
002299,圣农发展
002355,兴民智通
002357,富临运业
002361,神剑股份
002412,汉森制药
002441,众业达
002467,二六三
002644,佛慈制药
002727,一心堂
002728,特一药业
002739,万达电影
002800,天顺股份
002810,山东赫达
002866,传艺科技
002873,新天药业
002887,绿茵生态
002905,金逸影视
002910,庄园牧场
002986,宇新股份
003003,天元股份
003036,泰坦股份
003038,鑫铂股份
600173,卧龙新能
600185,珠免集团
600216,浙江医药
600223,福瑞达
600236,桂冠电力
600479,千金药业
600481,双良节能
600538,国发股份
600727,鲁北化工
600778,友好集团
600796,钱江生化
600814,杭州解百
600851,海欣股份
600987,航民股份
601116,三江购物
601339,百隆东方
603020,爱普股份
603027,千禾味业
603309,维力医疗
603317,天味食品
603616,韩建河山
603618,杭电股份
603637,镇海股份
603725,天安新材
603848,好太太
603968,醋化股份
603998,方盛制药
605180,华生科技
605268,王力安防
605366,宏柏新材
605377,华旺科技
688009,中国通号
688033,天宜新材
688223,晶科能源
688299,长阳科技
688315,诺禾致源
688389,普门科技
688472,阿特斯
688505,复旦张江
688530,欧莱新材
688565,力源科技
688602,康鹏科技
688707,振华新材
